t,value
0,0.000000
1,0.119153
2,0.232506
3,0.335137
4,0.423741
5,0.497090
6,0.556165
7,0.603912
8,0.644682
9,0.683435
10,0.724855
11,0.772505
12,0.828179
13,0.891551
14,0.960175
15,1.029851
16,1.095279
17,1.150904
18,1.191811
19,1.214520
20,1.217548
21,1.201644
22,1.169668
23,1.126119
24,1.076400
25,1.025946
26,0.979341
27,0.939591
28,0.907665
29,0.882371
30,0.860605
31,0.837919
32,0.809311
33,0.770121
34,0.716866
35,0.647889
36,0.563703
37,0.466988
38,0.362214
39,0.254988
40,0.151202
41,0.056137
42,-0.026333
43,-0.094298
44,-0.148053
45,-0.189967
46,-0.224018
47,-0.255053
48,-0.287922
49,-0.326598
50,-0.373458
51,-0.428830
52,-0.490880
53,-0.555869
54,-0.618723
55,-0.673841
56,-0.715982
57,-0.741110
58,-0.747043
59,-0.733794
60,-0.703565
61,-0.660375
62,-0.609403
63,-0.556135
64,-0.505475
65,-0.460955
66,-0.424176
67,-0.394582
68,-0.369592
69,-0.345073
70,-0.316077
71,-0.277722
72,-0.226055
73,-0.158781
74,-0.075705
75,0.021158
76,0.127847
77,0.239030
78,0.348809
79,0.451620
80,0.543074
81,0.620598
82,0.683787
83,0.734386
84,0.775923
85,0.813048
86,0.850685
87,0.893145
88,0.943341
89,1.002242
90,1.068649
91,1.139337
92,1.209538
93,1.273686
94,1.326297
95,1.362839
96,1.380462
97,1.378438
98,1.358272
99,1.323436
100,1.278792
101,1.229790
102,1.181570
103,1.138129
104,1.101677
105,1.072300
106,1.047980
107,1.024970
108,0.998458
109,0.963418
110,0.915497
111,0.851797
112,0.771423
113,0.675694
114,0.568000
115,0.453316
116,0.337449
117,0.226161
118,0.124290
119,0.035030
120,-0.040513
121,-0.103428
122,-0.156732
123,-0.204793
124,-0.252528
125,-0.304509
126,-0.364131
127,-0.432985
128,-0.510519
129,-0.594072
130,-0.679253
131,-0.760617
132,-0.832519
133,-0.890005
134,-0.929594
135,-0.949826
136,-0.951478
137,-0.937411
138,-0.912090
139,-0.880832
140,-0.848925
141,-0.820759
142,-0.799112
143,-0.784707
144,-0.776118
145,-0.770037
146,-0.761864
147,-0.746507
148,-0.719276
149,-0.676718
150,-0.617243
151,-0.541449
152,-0.452097
153,-0.353713
154,-0.251919
155,-0.152572
156,-0.060875
157,0.019413
158,0.086512
159,0.140839
160,0.184860
161,0.222595
162,0.258878
163,0.298474
164,0.345215
165,0.401291
166,0.466815
167,0.539739
168,0.616132
169,0.690766
170,0.757937
171,0.812355
172,0.849977
173,0.868644
174,0.868399
175,0.851461
176,0.821831
177,0.784616
178,0.745178
179,0.708242
180,0.677117
181,0.653163
182,0.635580
183,0.621571
184,0.606830
185,0.586297
186,0.555037
187,0.509107
188,0.446264
189,0.366391
190,0.271583
191,0.165861
192,0.054582
193,-0.056381
194,-0.161537
195,-0.256604
196,-0.339145
197,-0.408886
198,-0.467684
199,-0.519135
200,-0.567897
201,-0.618835
202,-0.676142
203,-0.742559
204,-0.818849
205,-0.903599
206,-0.993386
207,-1.083276
208,-1.167585
209,-1.240762
210,-1.298259
211,-1.337239
212,-1.357004
213,-1.359079
214,-1.346928
215,-1.325356
216,-1.299701
217,-1.274934
218,-1.254837
219,-1.241374
220,-1.234379
221,-1.231600
222,-1.229091
223,-1.221899
224,-1.204919
225,-1.173777
226,-1.125607
227,-1.059573
228,-0.977067
229,-0.881534
230,-0.777972
231,-0.672170
232,-0.569817
233,-0.475640
234,-0.392694
235,-0.321932
236,-0.262135
237,-0.210189
238,-0.161684
239,-0.111730
240,-0.055843
241,0.009228
242,0.084886
243,0.170379
244,0.262849
245,0.357738
246,0.449477
247,0.532348
248,0.601372
249,0.653084
250,0.686058
251,0.701102
252,0.701087
253,0.690441
254,0.674391
255,0.658078
256,0.645691
257,0.639773
258,0.640795
259,0.647087
260,0.655134
261,0.660170
262,0.657004
263,0.640908
264,0.608440
265,0.558061
266,0.490436
267,0.408384
268,0.316463
269,0.220282
270,0.125640
271,0.037631
272,-0.040123
273,-0.105999
274,-0.160561
275,-0.206390
276,-0.247574
277,-0.288948
278,-0.335215
279,-0.390083
280,-0.455573
281,-0.531605
282,-0.615936
283,-0.704460
284,-0.791818
285,-0.872220
286,-0.940339
287,-0.992144
288,-1.025505
289,-1.040506
290,-1.039384
291,-1.026121
292,-1.005752
293,-0.983510
294,-0.963932
295,-0.950101
296,-0.943125
297,-0.941956
298,-0.943567
299,-0.943472
300,-0.936486
301,-0.917611
302,-0.882898
303,-0.830138
304,-0.759272
305,-0.672452
306,-0.573735
307,-0.468472
308,-0.362484
309,-0.261163
310,-0.168651
311,-0.087226
312,-0.016999
313,0.044021
314,0.099521
315,0.154191
316,0.212861
317,0.279623
318,0.357071
319,0.445784
320,0.544161
321,0.648600
322,0.754026
323,0.854657
324,0.944899
325,1.020201
326,1.077758
327,1.116913
328,1.139220
329,1.148137
330,1.148416
331,1.145283
332,1.143538
333,1.146742
334,1.156613
335,1.172726
336,1.192588
337,1.212052
338,1.226014
339,1.229280
340,1.217447
341,1.187663
342,1.139138
343,1.073312
344,0.993667
345,0.905198
346,0.813646
347,0.724606
348,0.642662
349,0.570701
350,0.509504
351,0.457691
352,0.412030
353,0.368047
354,0.320854
355,0.266034
356,0.200460
357,0.122890
358,0.034255
359,-0.062415
360,-0.162419
361,-0.260088
362,-0.349653
363,-0.426132
364,-0.486093
365,-0.528157
366,-0.553178
367,-0.564042
368,-0.565148
369,-0.561635
370,-0.558497
371,-0.559723
372,-0.567619
373,-0.582401
374,-0.602157
375,-0.623154
376,-0.640465
377,-0.648790
378,-0.643353
379,-0.620716
380,-0.579377
381,-0.520052
382,-0.445597
383,-0.360580
384,-0.270578
385,-0.181301
386,-0.097714
387,-0.023273
388,0.040578
389,0.094573
390,0.141432
391,0.185329
392,0.231124
393,0.283476
394,0.345991
395,0.420543
396,0.506880
397,0.602588
398,0.703410
399,0.803875
